# Name,   Type, SubType, Offset,   Size,     Flags
# NOTE: must stay plain ASCII without a UTF-8 BOM (PIO's parser aborts on BOM).
#
# MoInk R 系列布局（4 MB flash，恰好填满，沿用 M7 已验证布局，暂不修改）：
#   nvs/otadata/phy 不变；两个 1.5 MB OTA 应用槽；960 KB 原始 "web" 分区承载页面。
#   web 分区尺寸由 ota_web.c 运行时读取，切勿硬编码。
# 删除 STA/拉图后 app 预计远小于 650 KB，槽位冗余充足。
nvs,      data, nvs,     0x9000,   0x4000,
otadata,  data, ota,     0xd000,   0x2000,
phy,      data, phy,     0xf000,   0x1000,
ota_0,    app,  ota_0,   0x10000,  0x180000,
ota_1,    app,  ota_1,   0x190000, 0x180000,
web,      data, spiffs,  0x310000, 0xF0000,
